{
  "duration": {
    "type": "numeric",
    "edges": [
      4.0,
      12.0,
      15.0,
      24.0,
      30.0,
      60.0
    ],
    "woe_by_bin": {
      "(3.999, 12.0]": 0.44768691258712723,
      "(12.0, 15.0]": 0.34387036523376924,
      "(15.0, 24.0]": -0.163575806588491,
      "(24.0, 30.0]": -0.30338941081470555,
      "(30.0, 60.0]": -0.5221657159997893
    },
    "iv": 0.14056589895789878
  },
  "credit_amount": {
    "type": "numeric",
    "edges": [
      338.0,
      1263.6,
      1924.0,
      2755.4,
      4661.4000000000015,
      15653.0
    ],
    "woe_by_bin": {
      "(337.999, 1263.6]": -0.00627442786538491,
      "(1263.6, 1924.0]": 0.0849657676861875,
      "(1924.0, 2755.4]": 0.021505136241690755,
      "(2755.4, 4661.4]": 0.2419094654524474,
      "(4661.4, 15653.0]": -0.3392933713419927
    },
    "iv": 0.037335864570795824
  },
  "installment_commitment": {
    "type": "numeric",
    "edges": [
      1.0,
      2.0,
      3.0,
      4.0
    ],
    "woe_by_bin": {
      "(0.999, 2.0]": 0.2229562304129641,
      "(2.0, 3.0]": 0.0015841587471366074,
      "(3.0, 4.0]": -0.16560451541825166
    },
    "iv": 0.030943786539200557
  },
  "residence_since": {
    "type": "numeric",
    "edges": [
      1.0,
      2.0,
      4.0
    ],
    "woe_by_bin": {
      "(0.999, 2.0]": 0.012726335300378365,
      "(2.0, 4.0]": -0.012180683499116917
    },
    "iv": 0.00015445764362154418
  },
  "age": {
    "type": "numeric",
    "edges": [
      19.0,
      26.0,
      31.0,
      36.0,
      44.0,
      75.0
    ],
    "woe_by_bin": {
      "(18.999, 26.0]": -0.39372857789700993,
      "(26.0, 31.0]": 0.06790680167820907,
      "(31.0, 36.0]": 0.1644431664661791,
      "(36.0, 44.0]": 0.1642329499423864,
      "(44.0, 75.0]": 0.07949239389204019
    },
    "iv": 0.04907921856410763
  },
  "existing_credits": {
    "type": "numeric",
    "edges": [
      1.0,
      2.0,
      4.0
    ],
    "woe_by_bin": {
      "(0.999, 2.0]": -0.001658649120935756,
      "(2.0, 4.0]": 0.0015841587471363858
    },
    "iv": 2.7505353159773554e-06
  },
  "num_dependents": {
    "type": "numeric",
    "edges": [
      1.0,
      2.0
    ],
    "woe_by_bin": {
      "(0.999, 2.0]": 0.0
    },
    "iv": 0.0
  },
  "checking_status": {
    "type": "categorical",
    "woe_by_cat": {
      "0<=X<200": -0.3997572321771659,
      "<0": -0.7145737011476202,
      ">=200": 0.08005577418863183,
      "no checking": 1.0272712075105737
    },
    "iv": 0.5349430536620837
  },
  "credit_history": {
    "type": "categorical",
    "woe_by_cat": {
      "all paid": -1.0226444097991454,
      "critical/other existing credit": 0.7431755425666456,
      "delayed previously": -0.2894257037973192,
      "existing paid": -0.08756169077112588,
      "no credits/all paid": -1.0200670887848449
    },
    "iv": 0.2589627618579018
  },
  "purpose": {
    "type": "categorical",
    "woe_by_cat": {
      "business": -0.3348880778740765,
      "domestic appliance": -0.08357364959317037,
      "education": -0.70756336315925,
      "furniture/equipment": -0.15983928040920162,
      "new car": -0.18783465991757975,
      "other": 0.25289858702804247,
      "radio/tv": 0.3517444216646751,
      "repairs": -0.36614062137818093,
      "retraining": 0.0015841587471363858,
      "used car": 0.5893708236492553
    },
    "iv": 0.12140371449949516
  },
  "savings_status": {
    "type": "categorical",
    "woe_by_cat": {
      "100<=X<500": -0.16326181019686972,
      "500<=X<1000": 0.7324716672899287,
      "<100": -0.293184342923627,
      ">=1000": 1.5878996537603827,
      "no known savings": 0.7081543596392224
    },
    "iv": 0.2463772384796189
  },
  "employment": {
    "type": "categorical",
    "woe_by_cat": {
      "1<=X<4": 0.039705366567000806,
      "4<=X<7": 0.5606482225306327,
      "<1": -0.5552265782606776,
      ">=7": 0.23630069561900488,
      "unemployed": -0.8457137016400671
    },
    "iv": 0.1603351063220657
  },
  "personal_status": {
    "type": "categorical",
    "woe_by_cat": {
      "female div/dep/mar": -0.2561787845444189,
      "male div/sep": -0.30338941081470555,
      "male mar/wid": 0.08974694634180816,
      "male single": 0.15629844113679725
    },
    "iv": 0.03984700320629789
  },
  "other_parties": {
    "type": "categorical",
    "woe_by_cat": {
      "co applicant": -0.5680819650417878,
      "guarantor": 0.6065386272716209,
      "none": 0.0015841587471366074
    },
    "iv": 0.0324673028306967
  },
  "property_magnitude": {
    "type": "categorical",
    "woe_by_cat": {
      "car": -0.06963614174938879,
      "life insurance": -0.06401312373867667,
      "no known property": -0.47998892218141687,
      "real estate": 0.45107551561179116
    },
    "iv": 0.09363696724149144
  },
  "other_payment_plans": {
    "type": "categorical",
    "woe_by_cat": {
      "bank": -0.7265251843749487,
      "none": 0.18809859380112706,
      "stores": -0.6020916189823167
    },
    "iv": 0.1314802836835156
  },
  "housing": {
    "type": "categorical",
    "woe_by_cat": {
      "for free": -0.34308484507825504,
      "own": 0.21946082140071466,
      "rent": -0.611641079793667
    },
    "iv": 0.11733732207765483
  },
  "job": {
    "type": "categorical",
    "woe_by_cat": {
      "high qualif/self emp/mgmt": -0.12746059994904543,
      "skilled": 0.04790032156305823,
      "unemp/unskilled non res": -0.8457137016400672,
      "unskilled resident": 0.00960023373537252
    },
    "iv": 0.0186710118899866
  },
  "own_telephone": {
    "type": "categorical",
    "woe_by_cat": {
      "none": -0.11260326426828463,
      "yes": 0.17220967577789997
    },
    "iv": 0.0193043362456329
  },
  "foreign_worker": {
    "type": "categorical",
    "woe_by_cat": {
      "no": 1.8623364994621427,
      "yes": -0.04818141133813105
    },
    "iv": 0.08642677016690874
  }
}