{
  "metrics_valid": {
    "roc_auc": 0.805595238095238,
    "pr_auc": 0.6453582728321428,
    "brier": 0.18685424120648478,
    "ks": 0.4642857142857143,
    "base_rate": 0.3
  },
  "best_threshold": 0.6199655024289628,
  "confusion_valid": [
    [
      114,
      26
    ],
    [
      21,
      39
    ]
  ]
}