{
  "roc_auc": 0.8227380952380953,
  "pr_auc": 0.646482977471909,
  "brier": 0.14843071736896365,
  "ks": 0.4904761904761905,
  "base_rate": 0.3
}