{
  "metrics_valid": {
    "roc_auc": 0.8026190476190477,
    "pr_auc": 0.6447269935240115,
    "brier": 0.18317461409080202,
    "ks": 0.4904761904761905,
    "base_rate": 0.3
  },
  "best_threshold": 0.49179808894079324,
  "confusion_valid": [
    [
      99,
      41
    ],
    [
      13,
      47
    ]
  ]
}