{
  "metrics_test": {
    "roc_auc": 0.7899999999999999,
    "pr_auc": 0.5903092788969597,
    "brier": 0.18531904333479268,
    "ks": 0.519047619047619,
    "base_rate": 0.3,
    "threshold_used": 0.49179808894079324
  },
  "confusion_test": [
    [
      97,
      43
    ],
    [
      15,
      45
    ]
  ]
}