{
  "metrics_test": {
    "roc_auc": 0.7901190476190476,
    "pr_auc": 0.6217050843038479,
    "brier": 0.18775861644483072,
    "ks": 0.48809523809523814,
    "base_rate": 0.3,
    "threshold_used": 0.6199655024289628
  },
  "confusion_test": [
    [
      113,
      27
    ],
    [
      23,
      37
    ]
  ]
}