{
  "roc_auc": 0.7845238095238095,
  "pr_auc": 0.5727944470389871,
  "brier": 0.16373407110788954,
  "ks": 0.5023809523809524,
  "base_rate": 0.3
}