{
  "metrics_test": {
    "roc_auc": 0.775,
    "pr_auc": 0.5977002032460312,
    "brier": 0.1735800807318451,
    "ks": 0.4452380952380952,
    "base_rate": 0.3,
    "threshold_used": 0.26413118839263916
  },
  "confusion_test": [
    [
      97,
      43
    ],
    [
      22,
      38
    ]
  ]
}