{
  "metrics_valid": {
    "roc_auc": 0.8286904761904762,
    "pr_auc": 0.6840812834355154,
    "brier": 0.1513293658295769,
    "ks": 0.5214285714285714,
    "base_rate": 0.3
  },
  "best_threshold": 0.26413118839263916,
  "confusion_valid": [
    [
      94,
      46
    ],
    [
      9,
      51
    ]
  ]
}