bucket,n,default_rate,pd_mean
Very Low,39,0.07692307692307693,0.027230260341090908
Low,35,0.08571428571428572,0.07317073170731707
Medium,22,0.13636363636363635,0.1875
High,104,0.49038461538461536,0.49631523163211655
